phase,mode,features,depth,iterations,loss,residual,l2,name,group_mae_s,forward_mae_s,selection_mae_s,augmentation,seed
first,fallback,full,4,300,MAE,False,5,fallback_full_4_300_MAE_False_5,84.09097033650804,87.93437958464449,86.01267496057626,,
first,main,base,4,700,MAE,False,5,main_base_4_700_MAE_False_5,80.87856216418699,86.08466755520148,83.48161485969423,,
first,main,base,6,300,MAE,False,5,main_base_6_300_MAE_False_5,81.02525820999173,85.27336421868837,83.14931121434006,,
first,fallback,relative,6,300,MAE,False,5,fallback_relative_6_300_MAE_False_5,84.21841323977301,88.48668200142443,86.35254762059873,,
first,main,relative,2,300,MAE,False,5,main_relative_2_300_MAE_False_5,77.70416100282661,81.20754729274825,79.45585414778742,,
first,fallback,relative,4,700,MAE,False,5,fallback_relative_4_700_MAE_False_5,85.23396003512113,87.80683620043546,86.52039811777829,,
first,main,compact,4,700,MAE,False,5,main_compact_4_700_MAE_False_5,76.66537440073532,81.00860916568982,78.83699178321257,,
first,main,compact,6,300,MAE,False,5,main_compact_6_300_MAE_False_5,76.30218777718567,80.41200222863951,78.35709500291259,,
first,main,full,6,300,MAE,False,5,main_full_6_300_MAE_False_5,78.20056124907508,81.37306573399623,79.78681349153565,,
first,fallback,base,4,300,MAE,False,5,fallback_base_4_300_MAE_False_5,90.6251824183792,95.64396768546081,93.13457505192,,
first,main,full,4,700,MAE,False,5,main_full_4_700_MAE_False_5,78.48282321380134,81.5585754297833,80.02069932179232,,
first,main,relative,4,700,MAE,False,5,main_relative_4_700_MAE_False_5,79.06382754812878,80.62264341146272,79.84323547979575,,
first,main,base,6,300,MAE,True,5,main_base_6_300_MAE_True_5,80.74801022081483,81.64770173086194,81.1978559758384,,
first,fallback,compact,4,300,MAE,False,5,fallback_compact_4_300_MAE_False_5,85.1651851525277,86.90281474196772,86.03399994724771,,
first,main,relative,6,300,MAE,False,5,main_relative_6_300_MAE_False_5,77.88228063868192,82.16881974667383,80.02555019267788,,
first,fallback,relative,2,300,MAE,False,5,fallback_relative_2_300_MAE_False_5,83.32036790898054,88.63200532494385,85.9761866169622,,
first,main,base,2,300,MAE,False,5,main_base_2_300_MAE_False_5,79.70107283639045,84.24396652412328,81.97251968025687,,
first,main,base,4,300,MAE,True,5,main_base_4_300_MAE_True_5,79.41153074301205,79.63462051917938,79.52307563109571,,
first,fallback,base,6,293,MAE,False,5,fallback_base_6_293_MAE_False_5,91.5157707491046,94.10079801953927,92.80828438432194,,
first,main,base,4,700,MAE,True,5,main_base_4_700_MAE_True_5,80.62493145100787,80.89128822720863,80.75810983910824,,
first,main,full,2,300,MAE,False,5,main_full_2_300_MAE_False_5,77.83960939670776,82.20546527506012,80.02253733588394,,
first,main,base,2,300,MAE,True,5,main_base_2_300_MAE_True_5,77.83235414873572,79.40558501150477,78.61896958012025,,
first,main,compact,2,300,MAE,False,5,main_compact_2_300_MAE_False_5,78.17558378353392,81.09171720540202,79.63365049446797,,
first,main,compact,4,300,MAE,False,5,main_compact_4_300_MAE_False_5,76.75495151250038,81.32088098579646,79.03791624914842,,
first,main,full,6,300,MAE,True,5,main_full_6_300_MAE_True_5,77.74216076872739,75.92523658534287,76.83369867703513,,
first,main,compact,6,300,MAE,True,5,main_compact_6_300_MAE_True_5,78.23066124915289,77.38811297689868,77.80938711302579,,
first,fallback,base,6,300,MAE,False,5,fallback_base_6_300_MAE_False_5,91.54583027400145,94.07813102352786,92.81198064876466,,
first,main,full,4,300,MAE,False,5,main_full_4_300_MAE_False_5,77.50553756407426,81.38699111286464,79.44626433846945,,
first,main,compact,4,300,MAE,True,5,main_compact_4_300_MAE_True_5,77.56837710269969,76.36984159557912,76.9691093491394,,
first,main,full,4,300,MAE,True,5,main_full_4_300_MAE_True_5,77.2216151755782,76.64676949834157,76.93419233695988,,
first,fallback,base,4,700,MAE,False,5,fallback_base_4_700_MAE_False_5,91.84677664330447,96.8236171911645,94.33519691723448,,
first,main,base,4,300,MAE,False,5,main_base_4_300_MAE_False_5,79.83152604512527,85.29952537083075,82.56552570797801,,
first,main,compact,2,300,MAE,True,5,main_compact_2_300_MAE_True_5,77.37102940477921,77.92517533571107,77.64810237024514,,
first,fallback,full,4,700,MAE,False,5,fallback_full_4_700_MAE_False_5,83.99492498787343,87.92407564840926,85.95950031814135,,
first,main,full,2,300,MAE,True,5,main_full_2_300_MAE_True_5,78.23017869640461,77.02851250919186,77.62934560279822,,
first,main,compact,4,700,MAE,True,5,main_compact_4_700_MAE_True_5,78.11675308024222,77.28664725922987,77.70170016973604,,
first,fallback,full,6,300,MAE,False,5,fallback_full_6_300_MAE_False_5,84.65814263904582,88.09325205230188,86.37569734567384,,
first,main,full,4,700,MAE,True,5,main_full_4_700_MAE_True_5,78.14167716676491,76.69393981482807,77.41780849079649,,
first,fallback,compact,2,300,MAE,False,5,fallback_compact_2_300_MAE_False_5,83.41425390467742,88.52367762874684,85.96896576671213,,
first,fallback,relative,4,300,MAE,False,5,fallback_relative_4_300_MAE_False_5,84.43013233334555,87.78150937987981,86.10582085661268,,
first,fallback,base,2,300,MAE,False,5,fallback_base_2_300_MAE_False_5,87.60737283677096,96.12278740152642,91.8650801191487,,
first,main,relative,4,700,MAE,True,5,main_relative_4_700_MAE_True_5,78.90374772900789,77.57186618748158,78.23780695824473,,
first,main,base,4,368,MAE,True,5,main_base_4_368_MAE_True_5,79.7552049071384,80.09214521218318,79.9236750596608,,
first,main,relative,2,300,MAE,True,5,main_relative_2_300_MAE_True_5,76.88899710658045,77.64434281359257,77.26666996008652,,
first,fallback,compact,4,700,MAE,False,5,fallback_compact_4_700_MAE_False_5,85.60481341965736,86.44852908440058,86.02667125202896,,
first,main,relative,4,300,MAE,True,5,main_relative_4_300_MAE_True_5,77.74959403772611,77.51440777695693,77.63200090734152,,
first,main,relative,4,300,MAE,False,5,main_relative_4_300_MAE_False_5,78.11529161796692,81.03344924516645,79.57437043156668,,
first,fallback,compact,6,300,MAE,False,5,fallback_compact_6_300_MAE_False_5,84.04382066904638,87.33959812751303,85.6917093982797,,
first,fallback,full,2,300,MAE,False,5,fallback_full_2_300_MAE_False_5,85.48497438837455,88.6147083629089,87.04984137564173,,
first,main,relative,6,300,MAE,True,5,main_relative_6_300_MAE_True_5,79.18580249036182,77.52735636235137,78.3565794263566,,
second,fallback,full,1,600,MAE,False,10,fallback_full_1_600_MAE_False_10,86.68960422289162,90.09046977675754,88.39003699982459,,
second,main,full,4,400,RMSE,True,10,main_full_4_400_RMSE_True_10,79.63579317756296,80.03504516032048,79.83541916894171,,
second,fallback,full,2,400,Huber:delta=90,False,10,fallback_full_2_400_Huber:delta=90_False_10,90.52797369863006,88.66752604061192,89.597749869621,,
second,fallback,base,4,400,Huber:delta=90,False,10,fallback_base_4_400_Huber:delta=90_False_10,93.87603477691069,95.17853791496124,94.52728634593596,,
second,main,full,4,400,RMSE,False,10,main_full_4_400_RMSE_False_10,78.66784915587792,84.60357633416392,81.63571274502092,,
second,fallback,compact,2,400,Huber:delta=90,False,10,fallback_compact_2_400_Huber:delta=90_False_10,85.80363452007579,89.0159498560742,87.40979218807499,,
second,main,compact,4,400,Huber:delta=90,True,10,main_compact_4_400_Huber:delta=90_True_10,79.03980034404778,78.3787307613369,78.70926555269233,,
second,main,full,5,600,MAE,True,10,main_full_5_600_MAE_True_10,78.95411373238113,76.7440868952285,77.84910031380483,,
second,fallback,full,3,500,MAE,False,10,fallback_full_3_500_MAE_False_10,86.63896780040525,89.40601991138038,88.02249385589282,,
second,main,full,4,400,Huber:delta=90,False,10,main_full_4_400_Huber:delta=90_False_10,79.5827148755068,81.44597908896621,80.5143469822365,,
second,main,full,4,400,Huber:delta=90,True,10,main_full_4_400_Huber:delta=90_True_10,81.36666294793227,78.70270629831452,80.0346846231234,,
second,main,full,2,400,Huber:delta=90,True,10,main_full_2_400_Huber:delta=90_True_10,79.9727966002206,78.7799203829387,79.37635849157965,,
second,fallback,full,5,600,MAE,False,10,fallback_full_5_600_MAE_False_10,85.85579987471223,87.62231123829247,86.73905555650235,,
second,main,compact,2,400,Huber:delta=90,True,10,main_compact_2_400_Huber:delta=90_True_10,79.08796394664293,79.18239066494282,79.13517730579287,,
second,main,full,1,600,MAE,True,10,main_full_1_600_MAE_True_10,79.2943863323294,78.19883776792103,78.74661205012521,,
second,main,full,2,400,RMSE,True,10,main_full_2_400_RMSE_True_10,79.78092408772439,81.27731821804878,80.52912115288657,,
second,main,full,2,400,RMSE,False,10,main_full_2_400_RMSE_False_10,79.75878447339481,84.25556289858264,82.00717368598873,,
second,fallback,full,5,200,MAE,False,10,fallback_full_5_200_MAE_False_10,84.5422033595202,86.83259152831847,85.68739744391934,,
second,main,compact,2,400,RMSE,True,10,main_compact_2_400_RMSE_True_10,77.71049833103616,79.66713158808581,78.68881495956099,,
second,main,base,2,400,Huber:delta=90,True,10,main_base_2_400_Huber:delta=90_True_10,83.57690329349019,81.4443097257985,82.51060650964435,,
second,main,full,5,200,MAE,True,10,main_full_5_200_MAE_True_10,78.3488508657372,76.504101246786,77.4264760562616,,
second,fallback,full,2,400,RMSE,False,10,fallback_full_2_400_RMSE_False_10,90.77048381253795,90.9875779070715,90.87903085980471,,
second,main,base,2,400,RMSE,True,10,main_base_2_400_RMSE_True_10,80.85902323624111,83.46840103723599,82.16371213673855,,
second,fallback,compact,2,400,RMSE,False,10,fallback_compact_2_400_RMSE_False_10,85.87138922352177,89.70239432466701,87.78689177409439,,
second,main,full,2,800,MAE,True,10,main_full_2_800_MAE_True_10,78.13815007579534,76.65434011019886,77.3962450929971,,
second,fallback,base,2,400,RMSE,False,10,fallback_base_2_400_RMSE_False_10,95.17962516129322,97.02459225110393,96.10210870619858,,
second,fallback,full,4,400,Huber:delta=90,False,10,fallback_full_4_400_Huber:delta=90_False_10,88.16062537341412,88.31242169737817,88.23652353539615,,
second,fallback,compact,4,400,RMSE,False,10,fallback_compact_4_400_RMSE_False_10,84.52630965014664,88.42397034006981,86.47513999510824,,
second,fallback,base,2,400,Huber:delta=90,False,10,fallback_base_2_400_Huber:delta=90_False_10,93.02495748562583,95.93516723161224,94.48006235861904,,
second,fallback,full,4,400,RMSE,False,10,fallback_full_4_400_RMSE_False_10,87.60426233027623,91.99507639762884,89.79966936395253,,
second,fallback,base,4,400,RMSE,False,10,fallback_base_4_400_RMSE_False_10,94.31256195025493,99.01555132556337,96.66405663790914,,
second,fallback,full,2,800,MAE,False,10,fallback_full_2_800_MAE_False_10,85.75001534400083,89.72397952895925,87.73699743648004,,
second,fallback,compact,4,400,Huber:delta=90,False,10,fallback_compact_4_400_Huber:delta=90_False_10,85.16871818272969,88.32500204519228,86.74686011396099,,
second,main,base,4,400,RMSE,True,10,main_base_4_400_RMSE_True_10,81.05415595818117,82.67703032518385,81.86559314168251,,
second,main,base,4,400,Huber:delta=90,True,10,main_base_4_400_Huber:delta=90_True_10,83.22514314258814,81.47203439806698,82.34858877032755,,
second,main,full,2,400,Huber:delta=90,False,10,main_full_2_400_Huber:delta=90_False_10,81.68962379878509,81.95356509423503,81.82159444651006,,
second,main,compact,4,400,RMSE,True,10,main_compact_4_400_RMSE_True_10,78.2789053512613,77.9721802736223,78.12554281244181,,
second,main,full,3,500,MAE,True,10,main_full_3_500_MAE_True_10,78.47490882607903,76.67415367979461,77.57453125293682,,
third,fallback,compact,2,300,MAE,False,5,fallback_compact_2_300_MAE_False_5_aug,83.73303154318286,88.43029039237906,86.08166096778096,True,
third,fallback,compact,6,300,MAE,False,5,fallback_compact_6_300_MAE_False_5_aug,85.84435027800413,87.0199568915468,86.43215358477546,True,
third,fallback,compact,4,300,MAE,False,5,fallback_compact_4_300_MAE_False_5_aug,85.39750306683395,87.17245558704812,86.28497932694103,True,
third,fallback,compact,4,700,MAE,False,5,fallback_compact_4_700_MAE_False_5_aug,86.64100706979838,87.28573639879583,86.96337173429711,True,
third,fallback,base,6,293,MAE,False,5,fallback_base_6_293_MAE_False_5_aug,92.92816803773874,96.13134252768974,94.52975528271423,True,
third,fallback,full,5,200,MAE,False,10,fallback_full_5_200_MAE_False_10_aug,86.14532346803534,89.33161520946707,87.7384693387512,True,
third,fallback,full,4,300,MAE,False,5,fallback_full_4_300_MAE_False_5_aug,86.91693620580953,89.98514659722954,88.45104140151955,True,
third,fallback,relative,2,300,MAE,False,5,fallback_relative_2_300_MAE_False_5_aug,83.17245831215835,88.6753770699919,85.92391769107513,True,
third,fallback,full,4,700,MAE,False,5,fallback_full_4_700_MAE_False_5_aug,88.20339366901231,91.92923719216755,90.06631543058992,True,
seeds,fallback,full,4,700,MAE,False,5,fallback_full_4_700_MAE_False_5_seed73,85.31807568589294,88.98238124452506,87.150228465209,,73.0
seeds,main,full,4,300,MAE,True,5,main_full_4_300_MAE_True_5_seed101,78.96420388760762,76.52428570865257,77.7442447981301,,101.0
seeds,main,full,4,300,MAE,True,5,main_full_4_300_MAE_True_5_seed73,78.09743856060437,77.08190738400894,77.58967297230666,,73.0
seeds,fallback,compact,2,300,MAE,False,5,fallback_compact_2_300_MAE_False_5_seed101,84.22685877433857,88.65681124145665,86.44183500789761,,101.0
seeds,fallback,compact,6,300,MAE,False,5,fallback_compact_6_300_MAE_False_5_seed101,84.214610556065,87.98367299580481,86.0991417759349,,101.0
seeds,fallback,compact,6,300,MAE,False,5,fallback_compact_6_300_MAE_False_5_seed73,83.93628924925314,88.08623801817342,86.01126363371327,,73.0
seeds,main,compact,4,300,MAE,True,5,main_compact_4_300_MAE_True_5_seed101,77.03393741646425,77.5671394033076,77.30053840988593,,101.0
seeds,main,full,6,300,MAE,True,5,main_full_6_300_MAE_True_5_seed101,79.60930214386302,77.71798511586456,78.6636436298638,,101.0
seeds,main,compact,4,300,MAE,True,5,main_compact_4_300_MAE_True_5_seed73,77.16345586642561,77.40356339552989,77.28350963097775,,73.0
seeds,fallback,compact,2,300,MAE,False,5,fallback_compact_2_300_MAE_False_5_seed73,83.4841595005551,88.16324937259314,85.82370443657412,,73.0
seeds,main,full,6,300,MAE,True,5,main_full_6_300_MAE_True_5_seed73,78.27116690177944,77.86521065523941,78.06818877850942,,73.0
seeds,fallback,full,4,700,MAE,False,5,fallback_full_4_700_MAE_False_5_seed101,86.0231992609327,88.00237672156607,87.01278799124938,,101.0
