sample_id;prediction
131672_1767670500;69.31307644461108
131672_1767670800;101.69878755256961
131672_1767671100;164.60828015534506
131672_1767671400;93.32026520529848
134040_1767672000;36.54503950968436
134040_1767672300;36.0758529008212
134040_1767672600;42.37632716467888
134040_1767672900;73.10852188079801
134040_1767673200;57.02361030879407
134040_1767673500;60.42473753795282
122048_1767673800;70.51671814416635
122048_1767674100;33.29866683935721
122048_1767674400;0.36212791789179466
122048_1767674700;-54.208331973697895
122048_1767675000;-8.793385102857302
122048_1767675300;-48.2227698785513
131672_1767675600;61.79499351926201
131672_1767675900;-16.45428939205013
131672_1767676200;8.381457384983225
131672_1767676500;-38.49420124087845
131672_1767676800;-49.3964822516008
131672_1767677100;2.7979646341137223
122658_1767679500;23.378230958957268
122658_1767679800;46.22541711035325
122658_1767680100;32.005199965876784
122658_1767680400;47.79398240804397
122658_1767680700;114.69429048903228
134040_1767684600;-11.602299499549451
130238_1767684600;20.545749733900518
130238_1767684900;31.0824413753002
134040_1767684900;0.590518439200475
134040_1767685200;71.77566209501828
130238_1767685200;49.68836365053682
134040_1767685500;71.30223240071227
130238_1767685500;70.09749500814857
134040_1767685800;63.07558726616175
130238_1767685800;56.99722982648465
130238_1767686100;35.90386239275675
134040_1767686100;39.39114601333554
122658_1767686400;9.80936424511798
122658_1767686700;1.1184308047741132
122658_1767687000;5.6939806764654755
122658_1767687300;5.555407158937678
122658_1767687600;53.75103019033766
122658_1767687900;31.615797259671375
122613_1767690000;47.90383951803403
122613_1767690300;39.7416404305859
122613_1767690600;73.43586205950794
122613_1767690900;50.54792754153783
122613_1767691200;36.33618372986192
122613_1767691500;44.01516451722917
122048_1767695400;-124.63303909596112
122048_1767695700;-148.38993543677367
122048_1767696000;-130.30897139794627
122048_1767696300;-87.54278198990083
122048_1767696600;40.310095223313844
122048_1767696900;-38.30523549866521
133300_1767699000;40.40795429190042
122048_1767699000;-99.87735649705976
133300_1767699300;85.21960241804375
122048_1767699300;-97.93246852751034
122048_1767699600;-124.7892881151291
133300_1767699600;91.39070496700504
122048_1767699900;-128.6082920730916
133300_1767699900;52.96102791709127
122048_1767700200;-195.75291760634826
133300_1767700200;52.412895290510576
122048_1767700500;-86.69970944280226
133300_1767700500;69.0253069366043
133957_1767700800;27.181423564734907
133957_1767701100;98.95231334837456
133957_1767701400;58.76880264837397
133957_1767701700;51.308590366621374
133957_1767702000;79.45781764031845
133957_1767702300;43.04040910769305
129964_1767702600;13.013503462765229
129964_1767702900;-37.76992507002307
129964_1767703200;-27.121094802987628
129964_1767703500;-34.884561334554455
129964_1767704100;-71.33588894146118
122658_1767706200;265.23753348329245
122658_1767706500;-21.962725942576842
122658_1767706800;-24.898522149440115
122658_1767707100;-30.51496074939024
122658_1767707400;2.2918287031174303
131672_1767709800;58.55545077950386
122048_1767709800;-7.318954188728126
131672_1767710100;30.848649766528126
122048_1767710100;-0.4535094073515573
131672_1767710400;-12.253618194533491
122048_1767710400;-92.26439933520894
122048_1767710700;-41.597829101994776
131672_1767710700;-29.30790873027514
131672_1767711000;-44.06928750288136
122048_1767711000;66.264060894977
122048_1767711300;2.169069706343688
131672_1767711300;-49.31070786483829
132430_1767713400;212.54199932740397
133300_1767713400;-14.882447353577415
132430_1767713700;270.1871736481348
133300_1767713700;-14.226844679180537
133300_1767714000;8.9188024039772
132430_1767714000;280.57263314860904
132430_1767714300;228.95078656586116
133300_1767714600;-24.194707159869026
132430_1767714600;315.8418001112003
132430_1767714900;238.4007559018243
133300_1767714900;29.607779227672623
122048_1767717000;-6.874710769905779
122048_1767717300;-24.05539831711547
122048_1767717600;-30.9423485230868
122613_1767718800;80.18016949822827
132430_1767720000;181.69785080785985
132430_1767720300;213.91130367343766
131672_1767722400;11.875601411945297
131672_1767722700;95.2893474855052
131672_1767723000;131.10424484971162
131672_1767723300;152.3706551650382
131672_1767723600;200.60501160792853
131672_1767723900;247.60137321952203
133957_1767724200;136.6235920219374
132430_1767727800;187.18567513368114
132430_1767728100;260.5712386603511
132430_1767728400;184.68349499198993
132430_1767728700;227.87478215682833
132430_1767729000;112.03783373407076
132430_1767729300;103.95088255419331
122048_1767731400;-17.25705940033192
122048_1767731700;-4.341433694635098
122048_1767732000;14.691521644210978
122048_1767732300;-11.711608295914035
122048_1767732600;0.35917283194242833
122048_1767732900;6.888013935007739
134040_1767733200;213.60162303546173
134040_1767733500;239.54947372895333
134040_1767733800;347.56442739766027
134040_1767734100;401.4213110613784
134040_1767734400;385.0270989604217
134040_1767734700;335.4106565013291
130072_1767736800;1.6162218506898807
130072_1767737100;-9.413151646057141
130072_1767737400;20.58427444018645
130072_1767737700;10.813927993536552
130072_1767738000;6.790950047517758
130072_1767738300;-7.119379803992714
130072_1767742200;12.388616433498981
130072_1767742500;16.46681419003059
130072_1767742800;38.21641868986333
130072_1767743100;23.774092903969326
130072_1767743400;24.001088365423243
130072_1767743700;2.5499046576515596
