feature,importance
target_lon,10.315522236060698
target_lat,9.414359759225613
time_cos,8.867196274141268
time_sin,8.345782960997935
target_distance_m,6.561869871047148
valid_fraction_600s,3.0744367536009225
count_600s,3.054128702539592
distance_delta_m_600s,2.8495447417374846
stopped_fraction_600s,2.5350082775380005
stopped_fraction_300s,2.2226364541975427
distance_delta_m_300s,2.1307954574661334
speed_mean_600s,2.038271021015245
distance_delta_m_180s,1.9530042045894065
distance_delta_m_60s,1.9364948807221498
event_age_s,1.9077163672854347
speed_std_600s,1.8640725818684032
speed_std_60s,1.7462265231435505
speed_mean_60s,1.7227942085228778
count_300s,1.642902893399645
span_s_60s,1.5275147318527618
valid_fraction_300s,1.4612595007101818
speed_mean_180s,1.4350429885783789
count_60s,1.4195966527693085
gps_age_s,1.4053541498183613
span_s_600s,1.3702087130146268
speed_std_180s,1.3292223141693569
speed_last_300s,1.2414347303187907
stopped_fraction_180s,1.1577199922413761
last_speed,1.1418028251919439
stopped_fraction_60s,1.1232124213810406
span_s_300s,1.0799193033857861
speed_std_300s,1.0792523185011569
speed_last_180s,1.065303415792682
speed_last_600s,1.0560723396360217
count_180s,1.0207043879474844
horizon_s,1.017758837144785
speed_mean_300s,0.9615804544863686
speed_last_60s,0.9458785875722463
valid_fraction_180s,0.9389085704856817
span_s_180s,0.796235563999018
valid_fraction_60s,0.6905016228984767
observed_stop_s,0.5500656784063567
gps_stale,0.0026857305987592075
